Round,Cnt,All,Prob
4,10,30,0.3333333333333333
5,2,30,0.06666666666666667
6,0,30,0.0
7,0,30,0.0
