Round,Cnt,All,Prob
4,20,30,0.6666666666666666
5,28,30,0.9333333333333333
6,30,30,1.0
7,30,30,1.0
